{
  "meta": {
    "dataset": "processed_reduced/clean_dataset.csv",
    "sample_frac": 0.1,
    "repeats": 5,
    "n_estimators": 20,
    "max_depth": 8,
    "min_samples_split": 50,
    "min_samples_leaf": 20,
    "max_features": "sqrt",
    "baseline_ref": "Varun (2025) 99.2%"
  },
  "aggregate": {
    "accuracy": {
      "mean": 0.9790542808188931,
      "std": 0.004146014905556456,
      "runs": [
        0.9797043081977638,
        0.9819299454188967,
        0.9809054457456768,
        0.9809584371080847,
        0.9717732676240439
      ]
    },
    "precision": {
      "mean": 0.9171111428942954,
      "std": 0.018349286815409316,
      "runs": [
        0.9189211826786163,
        0.9290858256375498,
        0.9257630844677432,
        0.9267920691408236,
        0.8849935525467441
      ]
    },
    "recall": {
      "mean": 0.9828730272596843,
      "std": 0.001551835392743588,
      "runs": [
        0.9837697274031564,
        0.9833213773314203,
        0.981796987087518,
        0.9808106169296987,
        0.9846664275466284
      ]
    },
    "f1": {
      "mean": 0.9487683259290247,
      "std": 0.009457366947612024,
      "runs": [
        0.9502403533844355,
        0.9554345458505772,
        0.9529570477392402,
        0.953036507798205,
        0.9321731748726656
      ]
    },
    "auc": {
      "mean": 0.9981309562578659,
      "std": 0.00021515430861291127,
      "runs": [
        0.9983055373317865,
        0.99824741681875,
        0.998144000729068,
        0.9981965362209746,
        0.9977612901887497
      ]
    },
    "fpr": {
      "mean": 0.021882492686038583,
      "std": 0.005423543896348128,
      "runs": [
        0.021292976397351577,
        0.01841138558324718,
        0.019313257517432524,
        0.019005301247222894,
        0.03138954268493874
      ]
    },
    "fnr": {
      "mean": 0.01712697274031564,
      "std": 0.0015518353927436133,
      "runs": [
        0.016230272596843617,
        0.016678622668579626,
        0.018203012912482067,
        0.01918938307030129,
        0.015333572453371592
      ]
    }
  },
  "feature_importances_aggregate": {
    "Init_Win_bytes_backward": {
      "mean": 0.085118,
      "std": 0.004917
    },
    "Init_Win_bytes_forward": {
      "mean": 0.081224,
      "std": 0.00598
    },
    "Max_Packet_Length": {
      "mean": 0.078798,
      "std": 0.004476
    },
    "Flow_Duration": {
      "mean": 0.078544,
      "std": 0.006843
    },
    "Flow_Bytes_per_s": {
      "mean": 0.075084,
      "std": 0.005176
    },
    "Fwd_IAT_Mean": {
      "mean": 0.074607,
      "std": 0.004996
    },
    "Fwd_Packet_Length_Mean": {
      "mean": 0.074337,
      "std": 0.003776
    },
    "Bwd_Header_Length": {
      "mean": 0.067852,
      "std": 0.006323
    },
    "Fwd_Header_Length": {
      "mean": 0.067738,
      "std": 0.00458
    },
    "Bwd_IAT_Mean": {
      "mean": 0.048891,
      "std": 0.001944
    },
    "Idle_Max": {
      "mean": 0.039972,
      "std": 0.003437
    },
    "Active_Mean": {
      "mean": 0.035498,
      "std": 0.003674
    },
    "Min_Packet_Length": {
      "mean": 0.028732,
      "std": 0.003858
    },
    "Down_per_Up_Ratio": {
      "mean": 0.028304,
      "std": 0.002513
    },
    "Active_Max": {
      "mean": 0.028081,
      "std": 0.003143
    },
    "URG_Flag_Count": {
      "mean": 0.021753,
      "std": 0.001569
    },
    "PSH_Flag_Count": {
      "mean": 0.01824,
      "std": 0.002434
    },
    "ACK_Flag_Count": {
      "mean": 0.017039,
      "std": 0.003829
    },
    "Idle_Std": {
      "mean": 0.015989,
      "std": 0.000436
    },
    "Fwd_PSH_Flags": {
      "mean": 0.01519,
      "std": 0.00262
    },
    "Active_Std": {
      "mean": 0.010374,
      "std": 0.002809
    },
    "FIN_Flag_Count": {
      "mean": 0.008638,
      "std": 0.001387
    },
    "Fwd_URG_Flags": {
      "mean": 0.0,
      "std": 0.0
    },
    "ECE_Flag_Count": {
      "mean": 0.0,
      "std": 0.0
    }
  },
  "runs": [
    {
      "repeat": 1,
      "seed": 42,
      "sample_frac": 0.1,
      "n_train": 198153,
      "n_val": 28307,
      "n_test": 56613,
      "train_time_s": 20.1673,
      "train": {
        "accuracy": 0.979889,
        "precision": 0.918819,
        "recall": 0.984937,
        "f1": 0.95073,
        "auc": 0.998493,
        "fpr": 0.021349,
        "fnr": 0.015063
      },
      "val": {
        "accuracy": 0.980853,
        "precision": 0.924452,
        "recall": 0.983142,
        "f1": 0.952894,
        "auc": 0.998219,
        "fpr": 0.019709,
        "fnr": 0.016858
      },
      "test": {
        "accuracy": 0.979704,
        "precision": 0.918921,
        "recall": 0.98377,
        "f1": 0.95024,
        "auc": 0.998306,
        "fpr": 0.021293,
        "fnr": 0.01623
      },
      "feature_importances": {
        "Flow_Duration": 0.069675,
        "Fwd_Packet_Length_Mean": 0.078301,
        "Flow_Bytes_per_s": 0.071666,
        "Fwd_IAT_Mean": 0.081619,
        "Bwd_IAT_Mean": 0.047777,
        "Fwd_PSH_Flags": 0.016589,
        "Fwd_URG_Flags": 0.0,
        "Fwd_Header_Length": 0.069011,
        "Bwd_Header_Length": 0.070338,
        "Min_Packet_Length": 0.025216,
        "Max_Packet_Length": 0.073656,
        "FIN_Flag_Count": 0.00929,
        "PSH_Flag_Count": 0.01858,
        "ACK_Flag_Count": 0.019907,
        "URG_Flag_Count": 0.022561,
        "ECE_Flag_Count": 0.0,
        "Down_per_Up_Ratio": 0.031188,
        "Init_Win_bytes_forward": 0.078965,
        "Init_Win_bytes_backward": 0.086928,
        "Active_Mean": 0.036496,
        "Active_Std": 0.014599,
        "Active_Max": 0.026543,
        "Idle_Std": 0.015262,
        "Idle_Max": 0.035833
      }
    },
    {
      "repeat": 2,
      "seed": 43,
      "sample_frac": 0.1,
      "n_train": 198153,
      "n_val": 28307,
      "n_test": 56613,
      "train_time_s": 20.6172,
      "train": {
        "accuracy": 0.98217,
        "precision": 0.929143,
        "recall": 0.984578,
        "f1": 0.956058,
        "auc": 0.998413,
        "fpr": 0.01842,
        "fnr": 0.015422
      },
      "val": {
        "accuracy": 0.982231,
        "precision": 0.930426,
        "recall": 0.983321,
        "f1": 0.956143,
        "auc": 0.998287,
        "fpr": 0.018037,
        "fnr": 0.016679
      },
      "test": {
        "accuracy": 0.98193,
        "precision": 0.929086,
        "recall": 0.983321,
        "f1": 0.955435,
        "auc": 0.998247,
        "fpr": 0.018411,
        "fnr": 0.016679
      },
      "feature_importances": {
        "Flow_Duration": 0.074952,
        "Fwd_Packet_Length_Mean": 0.071749,
        "Flow_Bytes_per_s": 0.081999,
        "Fwd_IAT_Mean": 0.075593,
        "Bwd_IAT_Mean": 0.048046,
        "Fwd_PSH_Flags": 0.016656,
        "Fwd_URG_Flags": 0.0,
        "Fwd_Header_Length": 0.071749,
        "Bwd_Header_Length": 0.069827,
        "Min_Packet_Length": 0.025625,
        "Max_Packet_Length": 0.074311,
        "FIN_Flag_Count": 0.01025,
        "PSH_Flag_Count": 0.014734,
        "ACK_Flag_Count": 0.02114,
        "URG_Flag_Count": 0.021781,
        "ECE_Flag_Count": 0.0,
        "Down_per_Up_Ratio": 0.03075,
        "Init_Win_bytes_forward": 0.082639,
        "Init_Win_bytes_backward": 0.076874,
        "Active_Mean": 0.040999,
        "Active_Std": 0.007687,
        "Active_Max": 0.023703,
        "Idle_Std": 0.016015,
        "Idle_Max": 0.042921
      }
    },
    {
      "repeat": 3,
      "seed": 44,
      "sample_frac": 0.1,
      "n_train": 198153,
      "n_val": 28307,
      "n_test": 56613,
      "train_time_s": 26.3302,
      "train": {
        "accuracy": 0.980883,
        "precision": 0.924041,
        "recall": 0.983835,
        "f1": 0.953001,
        "auc": 0.998524,
        "fpr": 0.019841,
        "fnr": 0.016165
      },
      "val": {
        "accuracy": 0.979016,
        "precision": 0.917253,
        "recall": 0.982066,
        "f1": 0.948554,
        "auc": 0.998037,
        "fpr": 0.021732,