{
  "meta": {
    "dataset": "processed_reduced/clean_dataset.csv",
    "sample_frac": 0.1,
    "repeats": 5,
    "n_estimators": 10,
    "max_depth": 10,
    "min_samples_split": 50,
    "min_samples_leaf": 20,
    "max_features": "sqrt",
    "baseline_ref": "Varun (2025) 99.2%"
  },
  "aggregate": {
    "accuracy": {
      "mean": 0.9874127850493704,
      "std": 0.0032503672834150593,
      "runs": [
        0.9849504530761486,
        0.9883772278451946,
        0.9913800717149771,
        0.9890484517690283,
        0.9833077208415029
      ]
    },
    "precision": {
      "mean": 0.9524847643331498,
      "std": 0.015122095977667014,
      "runs": [
        0.9406982714359062,
        0.9584935337294652,
        0.9687884649199929,
        0.9616868314921971,
        0.9327567200881879
      ]
    },
    "recall": {
      "mean": 0.9854734576757531,
      "std": 0.0019190221089519595,
      "runs": [
        0.9857424677187948,
        0.983590387374462,
        0.9880738880918221,
        0.983590387374462,
        0.9863701578192252
      ]
    },
    "f1": {
      "mean": 0.9686479106224034,
      "std": 0.007841343701731375,
      "runs": [
        0.9626937560206673,
        0.9708798017348205,
        0.9783361448992276,
        0.9725152939090346,
        0.9588145565482676
      ]
    },
    "auc": {
      "mean": 0.9990331181437077,
      "std": 0.0002487472846932695,
      "runs": [
        0.9989466164922262,
        0.9986659699200784,
        0.9991387074900436,
        0.999336566947804,
        0.9990777298683858
      ]
    },
    "fpr": {
      "mean": 0.012111480169815886,
      "std": 0.004054758883671695,
      "runs": [
        0.015243835375376696,
        0.010448516310683883,
        0.007808891137458481,
        0.009612635005829172,
        0.0174435230197312
      ]
    },
    "fnr": {
      "mean": 0.014526542324246772,
      "std": 0.0019190221089519998,
      "runs": [
        0.014257532281205165,
        0.01640961262553802,
        0.011926111908177906,
        0.01640961262553802,
        0.013629842180774749
      ]
    }
  },
  "feature_importances_aggregate": {
    "Flow_Duration": {
      "mean": 0.087505,
      "std": 0.005632
    },
    "Fwd_IAT_Mean": {
      "mean": 0.086248,
      "std": 0.004924
    },
    "Flow_Bytes_per_s": {
      "mean": 0.085184,
      "std": 0.006944
    },
    "Init_Win_bytes_forward": {
      "mean": 0.084527,
      "std": 0.005211
    },
    "Max_Packet_Length": {
      "mean": 0.083865,
      "std": 0.005363
    },
    "Init_Win_bytes_backward": {
      "mean": 0.080562,
      "std": 0.003614
    },
    "Fwd_Packet_Length_Mean": {
      "mean": 0.071084,
      "std": 0.006997
    },
    "Fwd_Header_Length": {
      "mean": 0.068444,
      "std": 0.002624
    },
    "Bwd_Header_Length": {
      "mean": 0.067756,
      "std": 0.004171
    },
    "Bwd_IAT_Mean": {
      "mean": 0.047486,
      "std": 0.006247
    },
    "Idle_Max": {
      "mean": 0.036479,
      "std": 0.006509
    },
    "Active_Max": {
      "mean": 0.030857,
      "std": 0.003317
    },
    "Down_per_Up_Ratio": {
      "mean": 0.028595,
      "std": 0.001597
    },
    "Active_Mean": {
      "mean": 0.025419,
      "std": 0.007313
    },
    "Min_Packet_Length": {
      "mean": 0.023935,
      "std": 0.003568
    },
    "URG_Flag_Count": {
      "mean": 0.019508,
      "std": 0.003196
    },
    "ACK_Flag_Count": {
      "mean": 0.016368,
      "std": 0.002278
    },
    "PSH_Flag_Count": {
      "mean": 0.012839,
      "std": 0.001644
    },
    "Idle_Std": {
      "mean": 0.012705,
      "std": 0.004562
    },
    "FIN_Flag_Count": {
      "mean": 0.011212,
      "std": 0.001679
    },
    "Fwd_PSH_Flags": {
      "mean": 0.009941,
      "std": 0.001502
    },
    "Active_Std": {
      "mean": 0.009479,
      "std": 0.003701
    },
    "Fwd_URG_Flags": {
      "mean": 0.0,
      "std": 0.0
    },
    "ECE_Flag_Count": {
      "mean": 0.0,
      "std": 0.0
    }
  },
  "runs": [
    {
      "repeat": 1,
      "seed": 42,
      "sample_frac": 0.1,
      "n_train": 198153,
      "n_val": 28307,
      "n_test": 56613,
      "train_time_s": 14.5422,
      "train": {
        "accuracy": 0.984885,
        "precision": 0.939043,
        "recall": 0.987371,
        "f1": 0.9626,
        "auc": 0.999127,
        "fpr": 0.015724,
        "fnr": 0.012629
      },
      "val": {
        "accuracy": 0.985339,
        "precision": 0.942852,
        "recall": 0.985294,
        "f1": 0.963606,
        "auc": 0.998926,
        "fpr": 0.01465,
        "fnr": 0.014706
      },
      "test": {
        "accuracy": 0.98495,
        "precision": 0.940698,
        "recall": 0.985742,
        "f1": 0.962694,
        "auc": 0.998947,
        "fpr": 0.015244,
        "fnr": 0.014258
      },
      "feature_importances": {
        "Flow_Duration": 0.088407,
        "Fwd_Packet_Length_Mean": 0.082569,
        "Flow_Bytes_per_s": 0.092577,
        "Fwd_IAT_Mean": 0.084237,
        "Bwd_IAT_Mean": 0.050042,
        "Fwd_PSH_Flags": 0.010008,
        "Fwd_URG_Flags": 0.0,
        "Fwd_Header_Length": 0.070058,
        "Bwd_Header_Length": 0.065054,
        "Min_Packet_Length": 0.027523,
        "Max_Packet_Length": 0.077565,
        "FIN_Flag_Count": 0.010842,
        "PSH_Flag_Count": 0.01251,
        "ACK_Flag_Count": 0.014178,
        "URG_Flag_Count": 0.024187,
        "ECE_Flag_Count": 0.0,
        "Down_per_Up_Ratio": 0.028357,
        "Init_Win_bytes_forward": 0.084237,
        "Init_Win_bytes_backward": 0.074229,
        "Active_Mean": 0.020851,
        "Active_Std": 0.00834,
        "Active_Max": 0.030859,
        "Idle_Std": 0.010842,
        "Idle_Max": 0.032527
      }
    },
    {
      "repeat": 2,
      "seed": 43,
      "sample_frac": 0.1,
      "n_train": 198153,
      "n_val": 28307,
      "n_test": 56613,
      "train_time_s": 14.4364,
      "train": {
        "accuracy": 0.989225,
        "precision": 0.960951,
        "recall": 0.985347,
        "f1": 0.972996,
        "auc": 0.998829,
        "fpr": 0.009823,
        "fnr": 0.014653
      },
      "val": {
        "accuracy": 0.989084,
        "precision": 0.962099,
        "recall": 0.983321,
        "f1": 0.972594,
        "auc": 0.99877,
        "fpr": 0.009502,
        "fnr": 0.016679
      },
      "test": {
        "accuracy": 0.988377,
        "precision": 0.958494,
        "recall": 0.98359,
        "f1": 0.97088,
        "auc": 0.998666,
        "fpr": 0.010449,
        "fnr": 0.01641
      },
      "feature_importances": {
        "Flow_Duration": 0.081633,
        "Fwd_Packet_Length_Mean": 0.063673,
        "Flow_Bytes_per_s": 0.088163,
        "Fwd_IAT_Mean": 0.083265,
        "Bwd_IAT_Mean": 0.047347,
        "Fwd_PSH_Flags": 0.010612,
        "Fwd_URG_Flags": 0.0,
        "Fwd_Header_Length": 0.070204,
        "Bwd_Header_Length": 0.07102,
        "Min_Packet_Length": 0.017959,
        "Max_Packet_Length": 0.08,
        "FIN_Flag_Count": 0.00898,
        "PSH_Flag_Count": 0.010612,
        "ACK_Flag_Count": 0.018776,
        "URG_Flag_Count": 0.021224,
        "ECE_Flag_Count": 0.0,
        "Down_per_Up_Ratio": 0.027755,
        "Init_Win_bytes_forward": 0.090612,
        "Init_Win_bytes_backward": 0.081633,
        "Active_Mean": 0.022857,
        "Active_Std": 0.01551,
        "Active_Max": 0.030204,
        "Idle_Std": 0.010612,
        "Idle_Max": 0.047347
      }
    },
    {
      "repeat": 3,
      "seed": 44,
      "sample_frac": 0.1,
      "n_train": 198153,
      "n_val": 28307,
      "n_test": 56613,
      "train_time_s": 16.5925,
      "train": {
        "accuracy": 0.991315,
        "precision": 0.966239,
        "recall": 0.990522,
        "f1": 0.97823,
        "auc": 0.999301,
        "fpr": 0.008491,
        "fnr": 0.009478
      },
      "val": {
        "accuracy": 0.99025,
        "precision": 0.962963,
        "recall": 0.988522,
        "f1": 0.975575,
        "auc": 0.998907,
        "fpr": 0.009326,